Position,Title,Description,Author,Author Profile Link,Publish Date,Claps Count,Responses Count,Image URL,Link
1,"Angel One Frontend Interview Experience (SDE 2, 40+ LPA)",When JavaScript fundamentals meet real-world problem-solving,Frontend Developer,https://medium.com/@chauhan27.abhay,,,,https://miro.medium.com/v2/resize:fill:320:214/0*Ry8omPnn3qHEx0mI.jpeg,https://medium.com/@chauhan27.abhay/angel-one-frontend-interview-experience-sde-2-40-lpa-b34e0327f936
2,My Atlassian Senior Frontend Interview Experience (50+ LPA),The Journey Begins,Frontend Developer,https://medium.com/@chauhan27.abhay,,,,https://miro.medium.com/v2/resize:fill:320:214/0*ag9klHtifZTyqidq.png,https://medium.com/@chauhan27.abhay/my-atlassian-senior-frontend-interview-experience-50-lpa-51bc491b4750
3,Atlassian Frontend Interview Experience — 2025,Hi everyone!,Ankita Tripathi,https://medium.com/@ankitatripathi.mp,,,,https://miro.medium.com/v2/resize:fill:320:214/1*7LjukshXQwAc0nSGF1hEdQ.png,https://medium.com/@ankitatripathi.mp/atlassian-frontend-interview-experience-2025-6efa4a4d6d68
4,Zeta SDE-1 (Frontend) Interview Experience | 22 LPA Offer 🚀,"If you’re scrolling LinkedIn wondering, “Bhai, frontend se 20+ LPA kaise milta hai?” — here’s one data point from my journey with Zeta for…",Frontend Developer,https://medium.com/@chauhan27.abhay,,,,https://miro.medium.com/v2/resize:fill:320:214/0*XIubaI7lmx-pkBpk.png,https://medium.com/@chauhan27.abhay/zeta-sde-1-frontend-interview-experience-22-lpa-offer-4c00d32abec4
5,Upstox SDE-2 (Frontend) Interview Experience — July 2025,"I recently cleared the SDE-2 (Frontend) interview process at Upstox, and I’m thrilled to share my experience! 😎  If you’re preparing for…",Frontend Developer,https://medium.com/@chauhan27.abhay,,,,https://miro.medium.com/v2/resize:fill:320:214/0*ATthbiNAkF5MhQyc.jpeg,https://medium.com/javascript-in-plain-english/upstox-sde-2-frontend-interview-experience-july-2025-982df5edc3d9
6,Walmart SDE-3 (Frontend) Interview Experience,"I recently had the opportunity to interview for the SDE-3 (Frontend) position at Walmart Global Tech India, and I’m excited to share my…",Frontend Developer,https://medium.com/@chauhan27.abhay,,,,https://miro.medium.com/v2/resize:fill:320:214/0*NpoQgxZ5dxCqkE4_.png,https://medium.com/javascript-in-plain-english/walmart-sde-3-frontend-interview-experience-f9e7174c6cfe
7,Graviton Research — SDE 2 Frontend Interview experience,Company logo,Apoorvpandey,https://medium.com/@apoorvpandey0,,,,https://miro.medium.com/v2/resize:fill:320:214/1*rL1vb4W0GdAVNw-QfNFuoA.jpeg,https://medium.com/@apoorvpandey0/graviton-research-sde-2-frontend-interview-experience-43234e85c4f8
8,Uber SDE-2 Frontend Interview Experience (Bangalore/Hyderabad) 🚀 [3+ YOE],"Despite being a frontend-specific position, Uber’s interview loop stays true to its engineering DNA — strong emphasis on problem-solving…",Frontend Developer,https://medium.com/@chauhan27.abhay,,,,https://miro.medium.com/v2/resize:fill:320:214/0*5GVFyieUWr7VpieC.png,https://medium.com/javascript-in-plain-english/uber-sde-2-frontend-interview-experience-bangalore-hyderabad-3-yoe-b06c41105f6d
9,My Blueshift SWE 2 Frontend Interview Experience — [26LPA],"I recently interviewed with Blueshift for a Frontend Engineer (SDE-2) role. Since a few people asked me about the process, here’s a…",Shubham Jangle,https://medium.com/@shubhamjangle,,,,https://miro.medium.com/v2/resize:fill:320:214/1*soBTAkGZjj7sG_tINZbbig.png,https://medium.com/@shubhamjangle/my-blueshift-swe-2-frontend-interview-experience-26lpa-bd1bd5dc36de
10,PayU SDE-2 Frontend Interview Experience,"Cracking frontend interviews is always a mix of system design discussions, JavaScript fundamentals, and React deep-dives. Here is the…",Frontend Developer,https://medium.com/@chauhan27.abhay,,,,https://miro.medium.com/v2/resize:fill:320:214/0*rIKhwFH0aMJZ3ICS.png,https://medium.com/javascript-in-plain-english/payu-sde-2-frontend-interview-experience-667651caeb11
11,My Flipkart UI-2 Frontend Interview Experience: 2025,Hey folks! 👋 Welcome to my second vlog. If you’re prepping for frontend interviews — especially ones centred on JavaScript and React —…,Karuna Kumari,https://medium.com/@karunakumari000532,,,,https://miro.medium.com/v2/resize:fill:320:214/0*xAOzJJwFI59TxvCn.png,https://medium.com/@karunakumari000532/my-flipkart-ui-2-frontend-interview-experience-2025-d6b9b5bc8c62
12,My Rakuten Frontend Interview Experience | 9 Million ¥ | Japan,"Working in a foreign country is a dream that I still pursue. Well, I was lucky enough to get interviewed for such an opportunity, and…",Gourav Hammad,https://medium.com/@gouravhammad477,,,,https://miro.medium.com/v2/resize:fill:320:214/1*gJCb6A4LXHK42gtwuQci7A.png,https://medium.com/frontend-army/my-rakuten-frontend-interview-experience-9-million-japan-bdb85e212dfc
13,My Enterpret Frontend Interview Experience | Remote | 2025,"This is my interview experience with Enterpret for a frontend engineer role. The process focused heavily on JavaScript fundamentals, SEO…",Gourav Hammad,https://medium.com/@gouravhammad477,,,,https://miro.medium.com/v2/resize:fill:320:214/1*IEqhekOpSbxFEcwADBjBRQ.png,https://medium.com/frontend-army/my-enterpret-frontend-interview-experience-remote-2025-dc5fec4f0e0a
14,My Zomato Frontend Interview Experience | 66 LPA | Gurgaon,This was one of the best interview experiences so far when it comes to Frontend interview experiences. Only a few companies take interviews…,Gourav Hammad,https://medium.com/@gouravhammad477,,,,https://miro.medium.com/v2/resize:fill:320:214/1*1UY8aTx4W9XIt3t0y_TltA.png,https://medium.com/frontend-army/my-zomato-frontend-interview-experience-66-lpa-gurgaon-ac898d58c92e
15,SDE-1 Frontend Interview Experience at Cars24 (Javascript & ReactJS),This article provides a comprehensive look at the frontend engineer interview process at Cars24. The experience reflects the expectations…,Frontend Developer,https://medium.com/@chauhan27.abhay,,,,https://miro.medium.com/v2/resize:fill:320:214/0*ErW8NkeLA3tQlOky.png,https://medium.com/javascript-in-plain-english/sde-1-frontend-interview-experience-at-cars24-javascript-reactjs-35e9b658f88a
16,My Spinny SDE-2 Frontend Interview Experience | 28 LPA | Gurgaon,"This is my old interview experience when I was interviewing for the Spinny company. It was my first interview, which I gave after joining…",Gourav Hammad,https://medium.com/@gouravhammad477,,,,https://miro.medium.com/v2/resize:fill:320:214/1*KZt-FRSUg681OzlgxCGd_A.png,https://medium.com/frontend-army/my-spinny-sde-2-frontend-interview-experience-28-lpa-gurgaon-1fccb55d8a17
17,My Fluid Cloud Frontend Interview Experience | Hyderabad,"Recently, I interviewed with Fluid Cloud, a growing early-stage startup. The process consisted of two rounds: a screening call and a…",Gourav Hammad,https://medium.com/@gouravhammad477,,,,https://miro.medium.com/v2/resize:fill:320:214/1*QEFF6083IAFDbeE7bqN3AA.png,https://medium.com/frontend-army/my-fluid-cloud-frontend-interview-experience-hyderabad-87a2e0ebcb7c
18,Frontend Interview Experience in Mercer Mettl (SDE 2),Introduction,Abhishek Agarwal,https://medium.com/@abhishek4075,,,,,https://medium.com/@abhishek4075/frontend-interview-experience-in-mercer-mettl-sde-2-6313f36d1230
19,Frontend Interview Experience in PhonePe (UI Engineer II),Introduction,Abhishek Agarwal,https://medium.com/@abhishek4075,,,,https://miro.medium.com/v2/resize:fill:320:214/1*evQohfcnfG3LIEajkOCcsw.png,https://medium.com/@abhishek4075/frontend-interview-experience-in-phonepe-ui-engineer-ii-71676feb22f3
20,Trade Republic Frontend Interview Experience,"My 1st In Person interview after the pandemic for a senior frontend engineer with Trade Republic Berlin, Aug 2025",Abhinav Kumar,https://medium.com/@abhinavkumar985,,,,https://miro.medium.com/v2/da:true/resize:fill:320:214/0*_B1SXcF_VHewlMgV,https://medium.com/gitconnected/trade-republic-frontend-interview-experience-bc90ff24d544
21,Swiggy SDE II Frontend Interview Experience,"In my job switch journey, I was targeting product-based firms. In that context, I got the opportunity to interview for companies like…",Kartik Joshi,https://medium.com/@karthik.joshi103,,,,https://miro.medium.com/v2/resize:fill:320:214/1*ZsvZYZvP3sXYe_I2F0ZhlQ.png,https://medium.com/@karthik.joshi103/swiggy-sde-ii-frontend-interview-experience-8037fef98034
22,My Apple Frontend Interview Experience | Frontend Engineer | Hyderabad,"Receiving an interview call from Apple was a dream of mine.  Finally, I made it a reality.",Gourav Hammad,https://medium.com/@gouravhammad477,,,,https://miro.medium.com/v2/resize:fill:320:214/1*KH101vDtWG4fnjQwWagLLA.png,https://medium.com/frontend-army/my-apple-frontend-interview-experience-frontend-engineer-hyderabad-098690e21e9d
23,My Loch Frontend Interview Experience | 80 LPA | Mumbai,This is my Frontend Engineer interview experience with a London-based firm that is currently operating from Mumbai.,Gourav Hammad,https://medium.com/@gouravhammad477,,,,https://miro.medium.com/v2/resize:fill:320:214/1*lrIFV525H20qfSoHeZobNg.jpeg,https://medium.com/frontend-army/my-loch-frontend-interview-experience-80-lpa-mumbai-bc71f9ae664f
24,My Tekion Frontend Interview Experience | 72 LPA | Staff Engineer,About Tekion:,Gourav Hammad,https://medium.com/@gouravhammad477,,,,https://miro.medium.com/v2/resize:fill:320:214/1*X35XuNv89O4YnNCRm00UUw.jpeg,https://medium.com/frontend-army/my-tekion-frontend-interview-experience-72-lpa-staff-engineer-ebc2350d21e5
25,My Canonical Frontend Interview Experience | Engineering Manager,"This is one of the longest interviews I have ever given in my life. There were total 7 Rounds, but luckly I got rejected after 3 rounds.",Gourav Hammad,https://medium.com/@gouravhammad477,,,,https://miro.medium.com/v2/resize:fill:320:214/1*szMqe6YR3PnEM-OzXc6IMg.png,https://medium.com/frontend-army/my-canonical-frontend-interview-experience-engineering-manager-492c088dd807
26,Zeta SDE-2 Frontend Interview Experience — Day 1 of series,"I applied to Zeta through their careers portal for an SDE 2 — Frontend role in Bangalore. To my surprise, I got a recruiter call the very…",Shubham Jangle,https://medium.com/@shubhamjangle,,,,https://miro.medium.com/v2/resize:fill:320:214/1*sB7v0PWCn1pceWSsHYAofw.png,https://medium.com/@shubhamjangle/zeta-sde-2-frontend-interview-experience-day-1-of-series-7d211181823c
27,My Apple Frontend Interview Experience | 85 LPA | Hyderabad,"As I shared my Screening Round Journey in my previous article, in this article, we will discuss what questions were asked of me in Round 1…",Gourav Hammad,https://medium.com/@gouravhammad477,,,,https://miro.medium.com/v2/resize:fill:320:214/1*ovYHmVN3VvH2XgKRCPyrqQ.png,https://medium.com/frontend-army/my-apple-frontend-interview-experience-85-lpa-hyderabad-8acf505341e6
28,My Straatix Partners [Sherry] Frontend Interview Experience | 65 LPA | Bangalore,This is my interview experience with the Straatix Partners company for its SHERRY client. This was for a Software Engineer Frontend (5-8…,Gourav Hammad,https://medium.com/@gouravhammad477,,,,https://miro.medium.com/v2/resize:fill:320:214/1*yZFHtQ9IP9owT9hhPm2GBA.png,https://medium.com/frontend-army/my-straatix-partners-sherry-frontend-interview-experience-65-lpa-bangalore-2c0041e007c8
29,My Veeam SDE-2 Frontend Interview Experience — [29LPA],"I recently interviewed at Veeam, a company known for its cloud data backup and recovery solutions for enterprises. This was for a Senior…",Shubham Jangle,https://medium.com/@shubhamjangle,,,,https://miro.medium.com/v2/resize:fill:320:214/1*h63gCPLXRGvhccDtH8PmHQ.png,https://medium.com/@shubhamjangle/my-veeam-interview-experience-for-senior-frontend-engineer-5-yoe-e1ea4bb96253
30,Paytm Frontend Interview experience,,Apoorvpandey,https://medium.com/@apoorvpandey0,,,,https://miro.medium.com/v2/resize:fill:320:214/1*2EROI0ok_5UlZ_QiYru--Q.png,https://medium.com/@apoorvpandey0/paytm-frontend-interview-experience-af399a7fc42d
31,🧑‍💻 Zomato SDE-2 Frontend Interview Experience — A Complete Breakdown,"I recently went through the interview process for the SDE-2 Frontend role at Zomato, and I’d love to share my experience with the broader…",Frontend Developer,https://medium.com/@chauhan27.abhay,,,,https://miro.medium.com/v2/resize:fill:320:214/0*af9-B90jroD6Bicv.png,https://medium.com/javascript-in-plain-english/zomato-sde-2-frontend-interview-experience-a-complete-breakdown-911a3a77c89d
32,🚀 My Hanseaticsoft [🇩🇪] Frontend Interview Experience | 55 LPA | Senior Frontend Engineer,💼 Position Applied: Senior Frontend Engineer 🏢 Company: Hanseaticsoft 📍 Location: Remote 💰 Compensation: 55 LPA Fixed + Some ESOPs 🧠…,Gourav Hammad,https://medium.com/@gouravhammad477,,,,https://miro.medium.com/v2/resize:fill:320:214/1*EDwBdXml9JuPD6yU_8V7hw.png,https://medium.com/frontend-army/my-hanseaticsoft-frontend-interview-experience-55-lpa-senior-frontend-engineer-f83e633e430a
33,🚀 My Flipkart Frontend Interview Experience | 50 LPA | UI Engineer 2,💼 Position UI Engineer 2 🏢 Company: Flipkart 📍 Location: Bangalore [Hybrid] 💰 Compensation: 💰 38 LPA Fixed + 9–12 LPA Esops 🧠 Primary…,Gourav Hammad,https://medium.com/@gouravhammad477,,,,https://miro.medium.com/v2/resize:fill:320:214/1*mSCUKg0q7smlRjD8D3-e-A.png,https://medium.com/frontend-army/my-flipkart-frontend-interview-experience-50-lpa-ui-engineer-2-eb698a323ecb
34,🚀 My Deel Frontend Interview Experience | $80K | Frontend Engineer (React.js),Preparing for a Frontend Engineer role at a leading global payroll & compliance platform like Deel? Here’s an in-depth guide to my…,Gourav Hammad,https://medium.com/@gouravhammad477,,,,https://miro.medium.com/v2/resize:fill:320:214/1*cgblP0bDsKmDXTbktbJs2g.png,https://medium.com/frontend-army/my-deel-frontend-interview-experience-80k-frontend-engineer-react-js-49cc7ae97068
35,⚡Gojek Frontend Interview Experience — Staff Engineer Role (2025),"🚀 From virtual scrolls to system design and leadership alignment, this was one of the most challenging and rewarding frontend interview…",Frontend Developer,https://medium.com/@chauhan27.abhay,,,,https://miro.medium.com/v2/resize:fill:320:214/1*4rXsAFFkglnoFVBH65HHrw.png,https://medium.com/javascript-in-plain-english/gojek-frontend-interview-experience-staff-engineer-role-2025-3d328df9975e
36,🚀 My Neurowyzr Frontend Interview Experience | 37 LPA | Lead Frontend Engineer,💼 Position Applied: Lead Frontend Engineer 🏢 Company: Neurowyzr 📍 Location: Remote 💰 Compensation: 36 LPA Fixed + 1 Lakh Joining bonus…,Gourav Hammad,https://medium.com/@gouravhammad477,,,,https://miro.medium.com/v2/resize:fill:320:214/1*hhggG96z6TD7AFa1BOAB8w.jpeg,https://medium.com/frontend-army/my-neurowyzr-frontend-interview-experience-37-lpa-lead-frontend-engineer-0f78387eb10b
37,🚀 My Agoda Frontend Interview Experience | 82 LPA | Senior Software Engineer,🏢 About Agoda,Gourav Hammad,https://medium.com/@gouravhammad477,,,,https://miro.medium.com/v2/resize:fill:320:214/1*zWSeHOIq1C4jlSKBwm-oEQ.png,https://medium.com/frontend-army/my-agoda-frontend-interview-experience-82-lpa-senior-software-engineer-6eda35f4df67
38,🚀 My Quince Frontend Interview Experience | 45 LPA | SDE-3 Frontend,Role: Frontend Engineer (SDE-3) Company: Quince,Gourav Hammad,https://medium.com/@gouravhammad477,,,,https://miro.medium.com/v2/resize:fill:320:214/1*8JRSxhud0g-vzIvvZefDOQ.png,https://medium.com/frontend-army/my-quince-frontend-engineer-interview-experience-45-lpa-sde-3-frontend-6f8a7c88dfdc
39,🚀 My Uber Frontend Interview Experience | 85 LPA | Software Engineer II,Uber Company Logo,Gourav Hammad,https://medium.com/@gouravhammad477,,,,https://miro.medium.com/v2/resize:fill:320:214/1*F1Fub7E5f1gdi9tkPvfIkQ.png,https://medium.com/frontend-army/my-uber-frontend-interview-experience-85-lpa-software-engineer-ii-e86db5a382fd
40,🚀 My Uber Frontend Interview Experience | 65 LPA | Software Engineer II,"Welcome to my third frontend interview experience in this ongoing series! This time, I’m sharing one of the most organized and respectful…",Gourav Hammad,https://medium.com/@gouravhammad477,,,,https://miro.medium.com/v2/resize:fill:320:214/1*F1Fub7E5f1gdi9tkPvfIkQ.png,https://medium.com/frontend-army/my-uber-frontend-interview-experience-software-engineer-ii-65-lpa-3310ae77ef5d
41,🚀 My Cars24 Frontend Interview Experience | 35 LPA | SDE-3 Frontend,💼 Position Applied: Software Development Engineer 3 — Frontend 🏢 Company: Cars24 📍 Location: Bangalore [Remote/Hybrid Options…,Gourav Hammad,https://medium.com/@gouravhammad477,,,,https://miro.medium.com/v2/resize:fill:320:214/1*af3G9fCLvrJzO62jk17N3g.png,https://medium.com/frontend-army/my-cars24-frontend-interview-experience-35-lpa-sde-3-frontend-b31f7c9bd6e6
42,Frontend Interview Experience in Flipkart (UI 2),Introduction,Abhishek Agarwal,https://medium.com/@abhishek4075,,,,https://miro.medium.com/v2/resize:fill:320:214/1*idB_-eo5pNgOG8Ker3jEpg.png,https://medium.com/@abhishek4075/ui-engineer-ii-interview-experience-flipkart-711c4b374a0c
43,Senior Software Engineer — Frontend Interview experience at Headout,"As a frontend engineer with a passion for crafting seamless user experiences, I recently had the opportunity to interview for a Senior…",Frontend Developer,https://medium.com/@chauhan27.abhay,,,,https://miro.medium.com/v2/resize:fill:320:214/0*uo4LK0MUWHKj_Ia6.png,https://medium.com/javascript-in-plain-english/senior-software-engineer-frontend-interview-experience-at-headout-c55552ffb83e
44,ServiceNow Frontend Interview Experience — A Wasted Effort Due to Budget Issues 💸❌,"In my journey as a Frontend Engineer, I’ve gone through numerous interviews, each with its own set of challenges. One such experience was…",Gourav Hammad,https://medium.com/@gouravhammad477,,,,https://miro.medium.com/v2/resize:fill:320:214/1*_6rTA4PuBQmpMsGUcq3_CQ.jpeg,https://medium.com/frontend-army/servicenow-frontend-interview-experience-a-wasted-effort-due-to-budget-issues-ea4533a22222
45,Frontend Interview Experience at Wishlink (SDE II),Introduction,Abhishek Agarwal,https://medium.com/@abhishek4075,,,,https://miro.medium.com/v2/resize:fill:320:214/1*6hzDdKcPAFqYx1hxK5CX8g.png,https://medium.com/@abhishek4075/frontend-interview-experience-wishlink-5511641b1cbc
46,🚘 Uber Frontend Interview Experience — A Deep Dive,"Interviewing at a tech company like Uber is a ride in itself — thrilling, challenging, and filled with learning curves at every turn…",Frontend Developer,https://medium.com/@chauhan27.abhay,,,,https://miro.medium.com/v2/resize:fill:320:214/0*wEuK-eNmipBP51DT.png,https://medium.com/javascript-in-plain-english/uber-frontend-interview-experience-a-deep-dive-94f1c7b5ce5e
47,Frontend Interview Experience in Adobe (Computer Scientist II),Introduction,Abhishek Agarwal,https://medium.com/@abhishek4075,,,,https://miro.medium.com/v2/resize:fill:320:214/1*tLyb7yxbAeB3gf1TgQ34gA.png,https://medium.com/@abhishek4075/computer-scientist-ii-frontend-interview-experience-adobe-5f3a4e938eb2
48,Frontend Interview Experience in Saas Labs (SDE 2),Introduction,Abhishek Agarwal,https://medium.com/@abhishek4075,,,,,https://medium.com/@abhishek4075/frontend-interview-experience-in-saas-labs-sde-2-84a9c3bf4f7e
49,Frontend Interview Experience in Stable Money (SDE 2),Introduction,Abhishek Agarwal,https://medium.com/@abhishek4075,,,,https://miro.medium.com/v2/resize:fill:320:214/1*d67A7BvMypjEC7RXHrKPEA.png,https://medium.com/@abhishek4075/frontend-interview-experience-in-stable-money-sde-2-1188453cd7c6
50,DP World Frontend Interview Experience — Offer Declined 🚀,"Sharing my Frontend Engineer interview experience at DP World, including DSA, React, and System Design rounds. If you’re preparing for…",Gourav Hammad,https://medium.com/@gouravhammad477,,,,https://miro.medium.com/v2/resize:fill:320:214/1*anhe05kQWnltrwHa30o8PA.png,https://medium.com/frontend-army/dp-world-frontend-interview-experience-offer-declined-ac6840810153
51,Tekion Frontend Interview Experience — Offer Declined 🚀,Introduction,Gourav Hammad,https://medium.com/@gouravhammad477,,,,https://miro.medium.com/v2/resize:fill:320:214/1*LyJ16ftKbsm8GYasKR0f-A.png,https://medium.com/frontend-army/tekion-frontend-interview-experience-offer-declined-8ab4558742e9
52,🚀 My UiPath Frontend Interview Experience | 45 LPA | SDE-2 UI,"Hey everyone! 👋 I recently interviewed at UiPath, and I wanted to share my experience, including the questions asked, my responses, and my…",Gourav Hammad,https://medium.com/@gouravhammad477,,,,https://miro.medium.com/v2/resize:fill:320:214/1*8eb6a-GGblj76UImk5kN9w.jpeg,https://medium.com/frontend-army/uipath-frontend-interview-experience-6b2bab09ac83
53,Myntra SDE-1 Frontend Interview Experience,"Landing an interview opportunity at Myntra for the SDE-1 Frontend role was an exciting experience. In this blog, I’ll walk you through the…",Ketan Raj,https://medium.com/@ketanraaz,,,,https://miro.medium.com/v2/resize:fill:320:214/1*IX3Dz2W7WFWTMdLEMYcgwA.png,https://medium.com/@ketanraaz/myntra-sde-1-frontend-interview-experience-0d508f9406ca
54,🚀 My Pramana.AI Frontend Interview Experience | 40 LPA | SDE-2 UI,"If you’re preparing for a Frontend Engineer interview, my recent experience with Pramana.AI will help you understand the types of questions…",Gourav Hammad,https://medium.com/@gouravhammad477,,,,https://miro.medium.com/v2/resize:fill:320:214/1*UfKEUBa8Y8nSdjRer8G86g.jpeg,https://medium.com/frontend-army/pramana-ai-frontend-interview-experience-a-step-by-step-breakdown-7f212da77330
55,"SenseHQ Frontend Interview Experience — My Journey Through DSA, System Design & Machine Coding","🚀 Cracking a frontend interview requires a blend of problem-solving, system design expertise, and real-world coding skills. I recently…",Gourav Hammad,https://medium.com/@gouravhammad477,,,,https://miro.medium.com/v2/resize:fill:320:214/1*Fa5awkJKurhv04xtaKkueg.jpeg,https://medium.com/frontend-army/sensehq-frontend-interview-experience-my-journey-through-dsa-system-design-machine-coding-fdd9519f294a
56,Frontend Interview Experience at Mindtickle,"Recently, I came across an insightful frontend interview experience shared by a connection who interviewed at Mindtickle. The process was…",Frontend Developer,https://medium.com/@chauhan27.abhay,,,,,https://medium.com/javascript-in-plain-english/frontend-interview-experience-at-mindtickle-3a03c49f34a4
57,My Frontend Interview Experience at Blinkit: A Smooth Yet Challenging Ride,— -,Ketan Raj,https://medium.com/@ketanraaz,,,,https://miro.medium.com/v2/resize:fill:320:214/1*_P-uB6vzoUc9p14q9BjiuA.png,https://medium.com/@ketanraaz/my-frontend-interview-experience-at-blinkit-a-smooth-yet-challenging-ride-d32731eadc35
58,SDE-1 Frontend Interview Experience at Tata 1mg,"Landing a frontend development role in a product-based company requires a solid grasp of Data Structures and Algorithms (DSA), JavaScript…",Frontend Developer,https://medium.com/@chauhan27.abhay,,,,https://miro.medium.com/v2/resize:fill:320:214/0*FquFBAay2TH_RoyI.jpg,https://medium.com/javascript-in-plain-english/sde-1-interview-experience-at-tata-1mg-003dbb770667
59,My SDE II Frontend Interview Experience at Swiggy: A Learning Journey,Embarking on the interview process for the SDE II Frontend role at Swiggy was both exhilarating and educational. The journey comprised five…,Frontend Developer,https://medium.com/@chauhan27.abhay,,,,https://miro.medium.com/v2/resize:fill:320:214/0*np_pMX8CYjkpXsot.png,https://medium.com/javascript-in-plain-english/my-sde-ii-frontend-interview-experience-at-swiggy-a-learning-journey-00776096028b
60,SDE-2 Frontend Interview Experience at Tekion,Experience Level: 2.5+ Years Location: Bangalore,Frontend Developer,https://medium.com/@chauhan27.abhay,,,,https://miro.medium.com/v2/resize:fill:320:214/0*lPNUxrx10BCTipnc.jpg,https://medium.com/javascript-in-plain-english/sde-2-interview-experience-at-tekion-1fe719ea2846
61,From Code to Deployment: My Frontend Interview Experience,"In a recent interview, I was asked a series of questions about frontend development, build tools, and CI/CD pipelines. Here’s a detailed…",Priyanka Daida,https://medium.com/@priyankadaida,,,,,https://medium.com/@priyankadaida/from-code-to-deployment-my-frontend-interview-experience-7f7050c1343e
62,My SDE-2 Frontend Interview Experience at Cars24,"Recently, I had the opportunity to interview for an SDE-2 position at Cars24.",Frontend Developer,https://medium.com/@chauhan27.abhay,,,,https://miro.medium.com/v2/resize:fill:320:214/0*TWnQic8Xp0tcmxym.png,https://medium.com/javascript-in-plain-english/my-sde-2-interview-experience-at-cars24-a99ce3cc6fa5
63,Uber SDE-2 Frontend Interview Experience: A Detailed Breakdown with Coding Questions and…,I recently had the privilege to attend an interview with Uber for the role of Software Engineer II — Frontend. It was an intense yet…,JavaScript With Vinay,https://medium.com/@javaScriptwithvinay,,,,https://miro.medium.com/v2/resize:fill:320:214/1*kJ3NbO9KxnOVFpJsQNZEKA.png,https://medium.com/stackademic/uber-sde-2-frontend-interview-experience-a-detailed-breakdown-with-coding-questions-and-d7d853bcb26f
64,My Microsoft Frontend Interview Experience,I recently had the opportunity to interview at Microsoft for a frontend position for Bengaluru location. I was initially contacted by a…,Santosh Yadav,https://medium.com/@santoshyadav979439,,,,,https://medium.com/javascript-in-plain-english/my-microsoft-frontend-interview-experience-d68176ff402f
65,My Servicenow Frontend Interview Experience,"Navigating the job market can often feel daunting, but my recent interview experience with ServiceNow was surprisingly smooth and engaging…",Santosh Yadav,https://medium.com/@santoshyadav979439,,,,https://miro.medium.com/v2/da:true/resize:fill:320:214/0*xAHUYkTvoK3tI9Sm,https://medium.com/javascript-in-plain-english/my-servicenow-frontend-interview-experience-a393a1b9db89
66,SDE-2 Frontend Interview Experience in Zepto,I recently had an interview for an SDE-2 Frontend position at Zepto. The interview process included technical rounds focusing on core…,Satish Shriwas,https://medium.com/@satish789748,,,,https://miro.medium.com/v2/resize:fill:320:214/1*qdwFXOK4kYcqNwdCATQ6Gg.png,https://medium.com/stackademic/sde-2-frontend-interview-experience-in-zepto-b14d809fca80
67,Jio Cinema (Viacom18) SDE Frontend Interview Experience,I recently gave an interview at Jio Cinema one of the leading OTT platforms in India for the SDE-2 Frontend role.,Satish Shriwas,https://medium.com/@satish789748,,,,https://miro.medium.com/v2/resize:fill:320:214/1*_hieRxkLt2Wzd-kB92Jytw.png,https://medium.com/stackademic/jio-cinema-sde-frontend-interview-experience-c03c23760d7d
68,Frontend Interview Experience in Flipkart,"I recently had the opportunity to interview for an SDE-1 Frontend role at Flipkart, where they refer to the position as UI Engineer. The…",Satish Shriwas,https://medium.com/@satish789748,,,,https://miro.medium.com/v2/da:true/resize:fill:320:214/0*iluhBQR95FM7q7tf,https://medium.com/stackademic/frontend-interview-experience-in-flipkart-5c06b46c99f7
69,React Lifecycle Methods Using Class and Functional Components (Frontend Interview Experience),1. Topic Overview,Yug Jadvani,https://medium.com/@yug.jadvani07,,,,https://miro.medium.com/v2/da:true/resize:fill:320:214/0*0Pq2OT9mb6LOkXKW,https://medium.com/javascript-in-plain-english/react-lifecycle-methods-using-class-and-functional-components-449970210131
70,D.E shaw Senior Member Technical Staff — Frontend interview experience,1st round — 1st question — infinite scroll and useThrottle hook implementations 2nd question — promise polyfill,Prikshit chawla,https://medium.com/@prikshit8,,,,,https://medium.com/@prikshit8/d-e-shaw-senior-member-technical-staff-frontend-interview-experience-221177f9ae06
71,Cars24 SDE-2 Frontend Interview Experience,I reached out to recruiter on LinkedIn,Prikshit chawla,https://medium.com/@prikshit8,,,,,https://medium.com/@prikshit8/cars24-sde-2-frontend-interview-experience-916345aeef3d
72,SE 1 Frontend Interview experience at Tekion Corp,so I got Tekion corp recruiter’s number from my friend.,Prikshit chawla,https://medium.com/@prikshit8,,,,,https://medium.com/@prikshit8/se-1-frontend-interview-exp-at-tekion-corp-fe1c4a49f884
73,NinjaCart SDE 2 frontend Interview experience,I got NinjaCart recuiter’s number from a friend,Prikshit chawla,https://medium.com/@prikshit8,,,,,https://medium.com/@prikshit8/ninjacart-sde-2-frontend-interview-exp-d84801a02e5c
74,Uber SDE 2 Frontend Interview Experience,"Hey Folks,",Jasir K,https://medium.com/@iamjaasi,,,,,https://medium.com/@iamjaasi/uber-sde-2-frontend-interview-experience-40c1a7437cc0
75,Frontend Interview Experience | Paytm Software Engineer — Frontend | 0–2 years experience,Recently I landed an offer from Paytm for the role of Software Engineer — Frontend .,Soham Das,https://medium.com/@sdv01d,,,,https://miro.medium.com/v2/da:true/resize:fill:320:214/1*BzhHlMy3mlp-7nFECBC0wQ.gif,https://medium.com/@sdv01d/frontend-interview-experience-paytm-software-engineer-frontend-0-2-years-experience-d59f72243942
76,Amazon Final Interview (Interview Loop) Experience,Sharing my Amazon final frontend interview experience for the Frontend Engineer role,Abhinav Kumar,https://medium.com/@abhinavkumar985,,,,https://miro.medium.com/v2/da:true/resize:fill:320:214/0*lmNSS2nwEYOW2LMc,https://medium.com/javascript-in-plain-english/amazon-final-interview-interview-loop-experience-9a9b08cf6525
77,🔥Frontend Engineer Interview Experience at Housing.com,A Realistic Breakdown of All Rounds (SDE-1),Richa Gautam 🌷,https://medium.com/@errichagautam1111,,,,https://miro.medium.com/v2/resize:fill:320:214/1*NWSDxFRnO9NMGgxLiZZlcg.png,https://medium.com/javascript-in-plain-english/frontend-engineer-interview-experience-at-housing-com-19a1f11197ba
78,My Adobe MTS-2 Frontend Engineer Interview Experience,This is my very first vlog — hope you like it! I am going to share my interview experience with Adobe.,Karuna Kumari,https://medium.com/@karunakumari000532,,,,https://miro.medium.com/v2/da:true/resize:fill:320:214/0*vSHHrXoyFX51TC33,https://medium.com/@karunakumari000532/my-adobe-mts-2-frontend-engineer-interview-experience-c2754fd4057d
79,🎟️ BookMyShow Frontend Engineer Interview Experience— Here’s How It Went!,"This is a interview experience with BookMyShow for a Frontend Engineer role, and I wanted to share a detailed breakdown of the entire…",Frontend Developer,https://medium.com/@chauhan27.abhay,,,,https://miro.medium.com/v2/resize:fill:320:214/0*-2BRoksVsWO8ppFQ.png,https://medium.com/javascript-in-plain-english/%EF%B8%8F-bookmyshow-frontend-engineer-interview-experience-heres-how-it-went-d19852f427a7
80,💼 Zepto Frontend Engineer Interview Experience — 40LPA,"This was my very first interview after CARS24, and it turned out to be a rewarding experience with tons of learning. I’d love to share the…",Gourav Hammad,https://medium.com/@gouravhammad477,,,,https://miro.medium.com/v2/resize:fill:320:214/1*QmNfkmcs6Ovohczl2dDwuA.png,https://medium.com/frontend-army/zepto-frontend-engineer-interview-experience-40lpa-85f84bef58b4
81,🚀 My Viacom18 Frontend Engineer Interview Experience | 44 LPA | SDE-2 Frontend,🧠 Experience Level: 5+ Years (SDE-2 Frontend)  🏢 Company: Viacom18 Media Pvt Ltd (JioCinema)  💻 Position: Frontend Engineer,Gourav Hammad,https://medium.com/@gouravhammad477,,,,https://miro.medium.com/v2/resize:fill:320:214/1*8CiqnxVSjxPoBWtwUS19_g.png,https://medium.com/frontend-army/my-viacom18-frontend-engineer-interview-experience-44-lpa-sde-2-frontend-a85ac35e1726
82,Meesho Frontend SDE Interview Experience,Getting through a Senior Software Development Engineer (SDE) interview at a fast-paced tech company like Meesho is no small feat. Recently…,Frontend Developer,https://medium.com/@chauhan27.abhay,,,,https://miro.medium.com/v2/resize:fill:320:214/0*x-6O91DKHATsI4_T.png,https://medium.com/javascript-in-plain-english/meesho-frontend-sde-interview-experience-30fa9cba5d54
83,🌟 My Housing.com Frontend Engineer Interview Experience (SDE-1),Landing a role at a product-first company like Housing.com was both an exciting and challenging journey. With a strong reputation for…,Frontend Developer,https://medium.com/@chauhan27.abhay,,,,https://miro.medium.com/v2/resize:fill:320:214/0*oq5ua6bVDvuBbDCt.png,https://medium.com/javascript-in-plain-english/my-housing-com-frontend-engineer-interview-experience-sde-1-4b048adcf33d
84,ThoughtSpot Frontend SE Interview Experience,"If you’re aiming for a high-impact frontend engineering role at a top-tier company like ThoughtSpot, this article will give you an inside…",Frontend Developer,https://medium.com/@chauhan27.abhay,,,,https://miro.medium.com/v2/resize:fill:320:214/0*AIkYqP3r_Dl-kOr2.png,https://medium.com/javascript-in-plain-english/thoughtspot-frontend-se-interview-experience-7bc610d49fe5
85,Broadridge Frontend Developer Interview Experience (Part 1 — Easy),How to crack a frontend interview at Broadridge?,Kataram shalini,https://medium.com/@kataramshalini1,,,,https://miro.medium.com/v2/resize:fill:320:214/0*Gm40QwekHUrdna9z.jpg,https://medium.com/@kataramshalini1/broadridge-frontend-developer-interview-experience-part-1-easy-5fa2646a5a88
86,Behind the Scenes: My Capgemini Frontend Engineer Interview Experience and Lessons Learned,How I Secured a Frontend Developer Role at Capgemini with Angular Expertise and Microservices Know-How By Vinay Kumar,JavaScript With Vinay,https://medium.com/@javaScriptwithvinay,,,,https://miro.medium.com/v2/resize:fill:320:214/1*-L6TvTBg06gbCGu11m_9rg.png,https://medium.com/dev-simplified/title-cracking-the-capgemini-frontend-engineer-interview-my-experience-and-key-takeaways-4d91b4f7e745
87,Frontend Engineer Interview Experience @Razorpay,Razorpay’s frontend engineering team is pivotal in delivering intuitive and responsive user experiences across our products. I recently…,Kumar,https://medium.com/@techrecruiter,,,,,https://medium.com/@techrecruiter/frontend-engineer-interview-experience-razorpay-d5a887e69f85
88,Dunzo : Frontend Engineer Interview Experience | How I cracked it ?,"When I first spotted the Frontend Engineer role on getjobs.today, I knew Dunzo was something special. A platform transforming urban…",Kumar,https://medium.com/@techrecruiter,,,,https://miro.medium.com/v2/resize:fill:320:214/1*r7ZVINewQnGhjySLtmrFeQ.png,https://medium.com/@techrecruiter/dunzo-frontend-engineer-interview-experience-how-i-cracked-it-00eb264c1136
89,Gojek Frontend Engineer Interview Experience,"I interviewed a candidate for the Frontend Engineer role at Gojek, a leading tech company known for its mobile app that integrates multiple…",Kumar,https://medium.com/@techrecruiter,,,,https://miro.medium.com/v2/resize:fill:320:214/1*bSlTp1nQBXBG2Ce31Qq2ig.png,https://medium.com/career-drill/gojek-frontend-engineer-interview-experience-8200b681011c
90,"Amazon Frontend Engineer Interview Experience 2024, Berlin",Frontend engineer interview experience at Amazon 2024,Abhinav Kumar,https://medium.com/@abhinavkumar985,,,,https://miro.medium.com/v2/da:true/resize:fill:320:214/0*IgwIf3mlz00cInqB,https://medium.com/gitconnected/amazon-frontend-engineer-interview-experience-2024-berlin-ee61eb79601e
91,Google : Frontend Engineer Interview Experience,"When I received an email from Google notifying me that my resume had been shortlisted for a Frontend Engineer role in Bangalore, I…",Kumar,https://medium.com/@techrecruiter,,,,https://miro.medium.com/v2/resize:fill:320:214/1*rzwLsHCqzdeiq2wXCmZ0kg.png,https://medium.com/@techrecruiter/google-frontend-engineer-interview-experience-d90f7b3d9b1e
92,Zomato : Frontend Engineer Interview Experience,"After months of job hunting, I stumbled upon an exciting Frontend Engineer position at Zomato through getjobs.today. As someone passionate…",Kumar,https://medium.com/@techrecruiter,,,,https://miro.medium.com/v2/resize:fill:320:214/1*HpED5gyN7MxujTw7fhCXXA.png,https://medium.com/@techrecruiter/zomato-frontend-engineer-interview-experience-42493ba21507
93,Google : Staff Frontend Engineer Interview Experience,"When I first discovered getjobs.today, I had no idea it would be the platform that would change my entire career trajectory. As a…",Kumar,https://medium.com/@techrecruiter,,,,https://miro.medium.com/v2/resize:fill:320:214/1*MSjaHwymp5Q0isObrCH9-Q.png,https://medium.com/@techrecruiter/google-staff-frontend-engineer-interview-experience-4e2c097aaf42
94,Andela Frontend Engineering Interview Experience,I think this is the most delightful interview experience I have had in my career so far. Venue was team Microsoft Teams and you are…,Aremu Oluwagbamila (SMOG),https://medium.com/@aremusmog,,,,https://miro.medium.com/v2/resize:fill:320:214/1*a37PeUV1Jf-xa8XN7QYIDQ.png,https://medium.com/@aremusmog/andela-frontend-engineering-interview-experience-55e6a80dd76b
95,Frontend Engineer Interview Experience @Livspace,"When I spotted the Frontend Engineer position at Livspace on getjobs.today, I was immediately intrigued. The chance to work on India’s…",Kumar,https://medium.com/@techrecruiter,,,,https://miro.medium.com/v2/resize:fill:320:214/1*DX2VvopKBCbDn7eSuFIaGA.png,https://medium.com/@techrecruiter/frontend-engineer-interview-experience-livspace-39728ca3d1ce
96,Frontend Engineer Interview Experience || 2.5,Recently I interviewed with all these companies for the Role of SDE-1/SDE-II as a Frontend Engineer.,Adarsh Gautam,https://medium.com/@gadarsh555,,,,,https://medium.com/@gadarsh555/frontend-engineer-interview-experience-2-5-71db5c39aaa2
97,Swiggy — Frontend Engineer Interview Experience,"I’m excited to share my interview experience at Swiggy, where I recently accepted an offer as a Frontend Engineer. I found this opportunity…",Kumar,https://medium.com/@techrecruiter,,,,https://miro.medium.com/v2/resize:fill:320:214/1*ceGNmJ6kY4iKee3gvpfAAg.png,https://medium.com/@techrecruiter/swiggy-frontend-engineer-interview-experience-32e886a9b930
98,I cracked Swiggy — SDE (Frontend Engineer ) Interview Experience,"Landing a job at Swiggy, one of India’s top food delivery platforms, was an exhilarating journey! I stumbled upon this opportunity through…",Kumar,https://medium.com/@techrecruiter,,,,https://miro.medium.com/v2/resize:fill:320:214/1*ceGNmJ6kY4iKee3gvpfAAg.png,https://medium.com/@techrecruiter/i-cracked-swiggy-sde-frontend-engineer-interview-experience-0fbdf54f71e0
99,Myntra Frontend Engineer Interview Experience,"While I don’t have access to specific personal experiences, I can provide a general overview of what you might expect during a frontend…",Rohit Sharma,https://medium.com/@callmerohit,,,,https://miro.medium.com/v2/resize:fill:320:214/1*t-hszzu6KwWo6pVwtnjIKg.jpeg,https://medium.com/@callmerohit/myntra-frontend-engineer-interview-experience-3a0ab4a0763d
100,BookMyShow — Frontend Engineer Interview Experience,"Hello, fellow developers and tech enthusiasts! I’m thrilled to share my recent interview experience for the Frontend Engineer position at…",Kumar,https://medium.com/@techrecruiter,,,,https://miro.medium.com/v2/resize:fill:320:214/1*Fa9nNmlt68J5-kVD7O0kAw.png,https://medium.com/@techrecruiter/bookmyshow-frontend-engineer-interview-experience-4349a6718d8c
101,Hubspot — SDE ( Frontend Engineer ) Interview Experience,"Hii I will brief out my interview experience and how I joined Hubspot,for the Senior Software Engineer I, Frontend position at HubSpot…",Kumar,https://medium.com/@techrecruiter,,,,https://miro.medium.com/v2/resize:fill:320:214/1*-bq1R1oEkZJjCg5fpCZpyQ.png,https://medium.com/@techrecruiter/hubspot-sde-frontend-engineer-interview-experience-2e59fac8ca23
102,Hubspot — Frontend Engineer Interview Experience,"In this blog I explained how I joined Software Engineer I, Frontend Engineer position at HubSpot, I found the opportunity on getjobs.today…",Kumar,https://medium.com/@techrecruiter,,,,https://miro.medium.com/v2/resize:fill:320:214/1*-bq1R1oEkZJjCg5fpCZpyQ.png,https://medium.com/@techrecruiter/hubspot-frontend-engineer-interview-experience-d53e4aeebb28
103,Capgemini — Frontend Engineer Interview Experience,"I recently secured a Frontend Developer position at Capgemini, and I owe my initial connection to this opportunity to getjobs.today. Their…",Kumar,https://medium.com/@techrecruiter,,,,https://miro.medium.com/v2/resize:fill:320:214/1*RvnxbiftGR_30GMqujfM-g.png,https://medium.com/@techrecruiter/capgemini-frontend-engineer-interview-experience-ac8594d15db5
104,Myntra Frontend Engineer Interview Experience,"I had applied for a frontend engineer position at Myntra through their career portal. After about a week, I received an email from HR for…",Kumar,https://medium.com/@techrecruiter,,,,https://miro.medium.com/v2/resize:fill:320:214/1*hXHU9ezeI_ELx53wTw2ofg.png,https://medium.com/@techrecruiter/myntra-frontend-engineer-interview-experience-5c317cf181ea
105,Freshworks - Frontend Engineer Interview Experience,"In July 2024, I applied for a Frontend Engineer role at Freshworks after coming across the job listing on GetJobs.Today. The platform was a…",Kumar,https://medium.com/@techrecruiter,,,,https://miro.medium.com/v2/resize:fill:320:214/1*8N3khwCivFJBmMBoT-UU5A.png,https://medium.com/@techrecruiter/freshworks-frontend-engineer-interview-experience-dfbd463f24ed
106,SDE-2 Frontend Rippling Interview Experience,I recently gave an interview at Rippling for the SDE-2 Frontend role. The interview process consisted of five rounds:,Satish Shriwas,https://medium.com/@satish789748,,,,https://miro.medium.com/v2/resize:fill:320:214/1*iwjj3rcKlxgEHS3YtsZvdA.jpeg,https://medium.com/stackademic/sde-2-frontend-rippling-interview-experience-2973c76932b7
107,Nutanix — Frontend Engineer Interview Experience,"In June 2024, I applied for a Frontend Engineer role at Nutanix after discovering it on GetJobs.Today. The platform’s interface was clean…",Kumar,https://medium.com/@techrecruiter,,,,https://miro.medium.com/v2/resize:fill:320:214/1*pw89Y3qmGvgWuNxOfXEIrQ.png,https://medium.com/@techrecruiter/nutanix-frontend-engineer-interview-experience-1eef3eafe8b8
108,Atlan Frontend Engineer Interview Experience,"Landing an interview at Atlan was exciting, as it’s a company well-known for its focus on data collaboration and intuitive UI/UX for data…",Kumar,https://medium.com/@techrecruiter,,,,https://miro.medium.com/v2/resize:fill:320:214/1*6gF5fSd8l3Moch918Srw4w.png,https://medium.com/@techrecruiter/atlan-frontend-engineer-interview-experience-c600ed446b9e
109,GoLemon Frontend Engineering Interview Experience,"Tuesday June 18, 2024 — 15:08 — I just finished the frontend engineering interview at GoLemon and I might not get in for the following…",Aremu Oluwagbamila (SMOG),https://medium.com/@aremusmog,,,,https://miro.medium.com/v2/da:true/resize:fill:320:214/0*gvtYd6Mknn8d4v2G,https://medium.com/@aremusmog/golemon-frontend-engineering-interview-experience-93335de9b7d2
110,Paypal frontend developer interview experience,"Recently, I had the opportunity to interview for the frontend developer position at PayPal, and the process was both challenging and…",Santosh Yadav,https://medium.com/@santoshyadav979439,,,,https://miro.medium.com/v2/da:true/resize:fill:320:214/0*kha_x799mnr6oMmw,https://medium.com/javascript-in-plain-english/paypal-frontend-developer-interview-experience-d5532ecfa828
111,Senior Frontend Engineer Interview Experience: Intuit,How I got the opportunity?,shivshankar shejwal,https://medium.com/@shejwal1shivshankar,,,,https://miro.medium.com/v2/resize:fill:320:214/1*fSbxMRe2G_nkdsSWfTRzCQ.jpeg,https://medium.com/@shejwal1shivshankar/senior-frontend-engineer-interview-experience-intuit-9d9a4fa36c29
112,How was my Frontend Engineer Interview Experience @ Amazon,How I applied for the Amazon,Mehul Kothari,https://medium.com/@mehul-kothari,,,,https://miro.medium.com/v2/da:true/resize:fill:320:214/0*eoJCiGf5m7-Rjxcq.gif,https://medium.com/javarevisited/how-was-my-frontend-engineer-interview-experience-amazon-d10055fbdd89
113,Frontend Engineer Interview Experience @ Amazon,While applying for Amazon I was searching/looking for the interview process for Frontend Engineer. To be honest there are not much…,Vinayak Vishwanath Gosain,https://medium.com/@vinayakvvg,,,,https://miro.medium.com/v2/da:true/resize:fill:320:214/1*P83kb8rnlRQXbyjwEH0NqQ.gif,https://medium.com/@vinayakvvg/frontend-engineer-interview-experience-amazon-bdf8b3d66d40
114,Prudential Senior Front-End Interview Experience,📞Phone Screening,WebDevSumoz,https://medium.com/@ghewadesumit,,,,https://miro.medium.com/v2/resize:fill:320:214/1*Mr9rMLknEsR52Ks2Q5uuQQ.jpeg,https://medium.com/@ghewadesumit/prudential-senior-front-end-interview-experience-ca4bdefc3516
115,Front-End interview Experience at Payr. 🚀,This was my first interview for front-end developer role at an emerging startup named Payr. The Payr is an Ed-Tech Startup which aims to…,Dhruv gupta,https://medium.com/@guptadhruv1345,,,,https://miro.medium.com/v2/resize:fill:320:214/1*J1vee9iIy6QQhicM8Hqm-Q.png,https://medium.com/@guptadhruv1345/front-end-interview-experience-at-payr-9e8ea82bb6a9
116,Movie Search & Filter (Vanilla JS) — Headout Round 1 Solved,"I recently came across this Blog, which encompasses a Senior Frontend Engineer Interview Experience at Headout. So I took it upon myself…",Apoorv Bedmutha,https://medium.com/@bedmuthaapoorv,,,,https://miro.medium.com/v2/resize:fill:320:214/1*LjR1dXessjIY48TSIlcJUA.png,https://medium.com/dev-genius/movie-search-filter-vanilla-js-headout-round-1-solved-16676dcaa31b
117,Frontend SDE II Interview Experience DotPe,"Recently, I interviewed for the Frontend SDE II role at DotPe. Here is my experience…",Apoorvpandey,https://medium.com/@apoorvpandey0,,,,https://miro.medium.com/v2/resize:fill:320:214/1*iF3vippdoCcQZi3DxtG0gQ.png,https://medium.com/@apoorvpandey0/frontend-sde-ii-interview-experience-dotpe-f93763975167
118,# 🧪 My Arrise Solutions SDE-2 Frontend Interview — Round 1 Experience,### 👋 Introduction,Desai,https://medium.com/@pankajdesai1911,,,,https://miro.medium.com/v2/resize:fill:320:214/1*AtTK4y7fq_M43MdCNbSWvw.jpeg,https://medium.com/javascript-in-plain-english/my-arrise-solutions-sde-2-frontend-interview-round-1-experience-8ea4ee1cb5a0
119,Frontend Engineer @Meta | Interview Experience,It was a late Friday evening when my friend suddenly texted me Bro I think I just cracked Meta!,Kumar,https://medium.com/@techrecruiter,,,,https://miro.medium.com/v2/resize:fill:320:214/0*BCAJAmt2lJhaxJzy.png,https://medium.com/career-drill/frontend-engineer-meta-interview-experience-a14f5821e922
120,🚀 React Interview Experience (August 2025): Hiking IT(Part — 5),"🗓️ Date: August 2025 👨‍💻 Position: React Developer , Frontend Developer 🎯 Purpose: Sharing my experience to help fellow developers…",Richa Gautam 🌷,https://medium.com/@errichagautam1111,,,,https://miro.medium.com/v2/resize:fill:320:214/1*9Rux74yhADkqfHOOSKl-lA.png,https://medium.com/codetodeploy/react-interview-experience-august-2025-hiking-it-part-5-a230c4af4ed5
121,🚀 React Interview Experience (August 2025): CapGemini (Part -5),"🗓️ Date: August 2025 👨‍💻 Position: React Developer , Frontend Developer 🎯 Purpose: Sharing my experience to help fellow developers…",Richa Gautam 🌷,https://medium.com/@errichagautam1111,,,,https://miro.medium.com/v2/resize:fill:320:214/1*6I145GzHxJaD-ipumo1HEg.png,https://medium.com/javascript-in-plain-english/react-interview-experience-august-2025-capgemini-part-5-9a04b01e50c2
122,🚀 React Interview Experience (August 2025): HCL(Part -4),"🗓️ Date: August 2025 👨‍💻 Position: React Developer , Frontend Developer 🎯 Purpose: Sharing my experience to help fellow developers…",Richa Gautam 🌷,https://medium.com/@errichagautam1111,,,,https://miro.medium.com/v2/resize:fill:320:214/1*xuFqEX0m7z6eK0GorhCjYw.png,https://medium.com/javascript-in-plain-english/react-interview-experience-august-2025-hcl-part-4-4dacacd4dddd
123,🚀 React Interview Experience (August 2025): Airtel (Part- 2),"🗓️ Date: August 2025 👨‍💻 Position: React Developer , Frontend Developer 🎯 Purpose: Sharing my experience to help fellow developers…",Richa Gautam 🌷,https://medium.com/@errichagautam1111,,,,https://miro.medium.com/v2/resize:fill:320:214/1*-ODRXj0r20YoaJ3bfqyByQ.png,https://medium.com/javascript-in-plain-english/react-interview-experience-august-2025-airtel-part-2-4afa868333ff
124,🚀 React Interview Experience (August 2025): HCL(Part -5),"🗓️ Date: August 2025 👨‍💻 Position: React Developer , Frontend Developer 🎯 Purpose: Sharing my experience to help fellow developers…",Richa Gautam 🌷,https://medium.com/@errichagautam1111,,,,https://miro.medium.com/v2/resize:fill:320:214/1*hRv-OC0I2r_2B3tcENF_1g.png,https://medium.com/javascript-in-plain-english/react-interview-experience-august-2025-hcl-part-5-426fe58abee2
125,🚀 React Interview Experience (August 2025): Hiking IT(Part -1),"🗓️ Date: August 2025 👨‍💻 Position: React Developer , Frontend Developer 🎯 Purpose: Sharing my experience to help fellow developers…",Richa Gautam 🌷,https://medium.com/@errichagautam1111,,,,https://miro.medium.com/v2/resize:fill:320:214/1*D0MAA3LhZqtLLyn9tPgu0g.png,https://medium.com/codetodeploy/react-interview-experience-august-2025-hiking-it-part-1-1938d6b9261e
126,🚀 React Interview Experience (August 2025): L & T(Part -1),"🗓️ Date: August 2025 👨‍💻 Position: React Developer , Frontend Developer 🎯 Purpose: Sharing my experience to help fellow developers…",Richa Gautam 🌷,https://medium.com/@errichagautam1111,,,,https://miro.medium.com/v2/resize:fill:320:214/1*jz2PZR-TqOYdlniz6hojVw.png,https://medium.com/codetodeploy/react-interview-experience-august-2025-l-t-part-1-053921590f06
127,🚀 React Interview Experience (August 2025): L & T(Part -2),"🗓️ Date: August 2025 👨‍💻 Position: React Developer , Frontend Developer 🎯 Purpose: Sharing my experience to help fellow developers…",Richa Gautam 🌷,https://medium.com/@errichagautam1111,,,,https://miro.medium.com/v2/resize:fill:320:214/1*dHLfO_aj9WGRm2iUow0k6w.png,https://medium.com/codetodeploy/react-interview-experience-august-2025-l-t-part-2-997715688f3b
128,🚀 React Interview Experience (July 2025): Sparx IT,"🗓️ Date: July 2025 👨‍💻 Position: React Developer , Frontend Developer 🎯 Purpose: Sharing my experience to help fellow developers…",Richa Gautam 🌷,https://medium.com/@errichagautam1111,,,,https://miro.medium.com/v2/resize:fill:320:214/1*kZhwnyfClkallMO1PdEjog.png,https://medium.com/javascript-in-plain-english/react-interview-experience-july-2025-sparx-it-8328782b5507
129,My Amazon SDE/Developer Advocate Interview Experience | 63 LPA | Bangalore,This is one of the best positions that could have been offered to me if I had been selected.,Gourav Hammad,https://medium.com/@gouravhammad477,,,,https://miro.medium.com/v2/resize:fill:320:214/1*WV-DHjiFP5W_v-numlKPMw.png,https://medium.com/frontend-army/my-amazon-sde-developer-advocate-interview-experience-63-lpa-bangalore-de0ecb6dd88e
130,Razorpay Interview Experience | Frontend Developer,Output questions on JavaScript and Machine coding round on React,Yash Khandelwal,https://medium.com/@iamyashkhandelwal,,,,,https://medium.com/@iamyashkhandelwal/razorpay-interview-experience-frontend-developer-658a3ecdbad0
131,Cars24 Interview Experience | Frontend Engineer,My Cars24 Interview Experience,Yash Khandelwal,https://medium.com/@iamyashkhandelwal,,,,https://miro.medium.com/v2/resize:fill:320:214/1*Ab9B0tbCgyLipgYcKmoRVQ.jpeg,https://medium.com/@iamyashkhandelwal/cars24-interview-experience-frontend-engineer-cbc42847f5ed
132,Atlassian Interview Experience -Frontend Software Engineer,"Hey, tech enthusiasts! I recently interviewed at Atlassian for the position of frontend engineer in Bangalore. The recruitment adventure…",Tanya Singh,https://medium.com/@singht216,,,,,https://medium.com/@singht216/atlassian-interview-experience-frontend-software-engineer-8f69f3c5c8ea
133,Atlan Interview Experience: Frontend Engineer Intern,I had a chance to interview at Atlan for frontend engineer intern. I must say that this was the smoothest interview process I have involved…,Vedant Jain09,https://medium.com/@vedantj03,,,,https://miro.medium.com/v2/resize:fill:320:214/0*FyAiokorVFA9zucE.jpg,https://medium.com/@vedantj03/atlan-interview-experience-frontend-engineer-intern-533f0e4c96d1
134,2020 Giftpack Frontend Engineer Internship Interview Experience,I was indeed very lucky to discover Giftpack as soon as they opened a long-term internship position on Cakeresume.,Ping Cheng,https://medium.com/@aboudicheng,,,,https://miro.medium.com/v2/resize:fill:320:214/1*qlxGIKfRXeBjz5RTVmuWIg.png,https://medium.com/@aboudicheng/2020-giftpack-frontend-engineer-internship-interview-experience-538f457abef
135,🔥 Accenture Front-End Developer Interview Experience,"A Detailed Breakdown of JavaScript, React, and Git Questions Asked",Richa Gautam 🌷,https://medium.com/@errichagautam1111,,,,https://miro.medium.com/v2/resize:fill:320:214/1*wRzxlpvAuta0W9phIo2PDQ.png,https://medium.com/javascript-in-plain-english/accenture-front-end-developer-interview-experience-e2417b4ba056
136,DocuSign Front-End Developer Interview Experience (React),Docusign,WebDevSumoz,https://medium.com/@ghewadesumit,,,,https://miro.medium.com/v2/da:true/resize:fill:320:214/0*nsV0smYOsTCskFAc,https://medium.com/@ghewadesumit/docusign-front-end-developer-interview-experience-react-fa13aadded23
137,Interviewer: Move the div to the right in X time with Y FPS,UnAccademy Senior Front End Developer Interview Experience,Frontend Master,https://medium.com/@rahuulmiishra,,,,https://miro.medium.com/v2/resize:fill:320:214/1*N-d0tFXdq8sewLYC7YEOKg.jpeg,https://medium.com/@rahuulmiishra/interviewer-move-the-div-to-the-right-in-x-time-with-y-fps-413dcc3fa163
138,My Interview Experience — (Senior) Front-end Developer,"Frontend Developer Interview Questions  —  React.js | HTML | CSS | JavaScript 📅 Interview Date: August 15, 2025 🎯 Sharing for those…",Shanmugaperumal,https://medium.com/@shanmugaperumal96,,,,https://miro.medium.com/v2/resize:fill:320:214/1*8DRrheqw6VTpNbrIB4PiQw.png,https://medium.com/@shanmugaperumal96/my-interview-experience-senior-front-end-developer-5c75c3f1a40d
139,D*****ital Interview Experience — Senior Frontend Engineer | Round 1,Frontend Interview (Virtual) Date: 25th July 2025,Vinay Somawat,https://medium.com/@vinaysomawat,,,,,https://medium.com/programming-diaries/d-ital-interview-experience-senior-frontend-engineer-round-1-8ccce12043d3
140,My Mphasis Interview Experience | Senior Frontend Developer (React.js),🛠️ L1: Machine Coding — JavaScript,Ranjan Kumar Mishra,https://medium.com/@ranjanvist,,,,https://miro.medium.com/v2/resize:fill:320:214/1*lDqZIKyrNcfsba3UD8BFpA.png,https://medium.com/@ranjanvist/my-mphasis-interview-experience-senior-frontend-developer-react-js-11cc0f84935b
141,🚀 My Qiro Finance Interview Experience for Frontend Engineer Role — A Deep Dive,"In today’s fast-paced frontend ecosystem, finding companies where your work has a tangible impact is rare. Recently, I interviewed with…",Gourav Hammad,https://medium.com/@gouravhammad477,,,,https://miro.medium.com/v2/resize:fill:320:214/1*OjXQLtfW8NuRT5u7TKOBmw.jpeg,https://medium.com/frontend-army/my-qiro-finance-interview-experience-for-frontend-engineer-role-a-deep-dive-0a893fe95ad4
142,ServiceNow Frontend Software Engineer (IC2) Interview Experience,This is the interview experience for the Frontend Software Engineer (IC2) role at ServiceNow. This article will walk you through the…,Frontend Developer,https://medium.com/@chauhan27.abhay,,,,https://miro.medium.com/v2/resize:fill:320:214/0*3_INVz_uBixNcENh.png,https://medium.com/javascript-in-plain-english/servicenow-frontend-software-engineer-ic2-interview-experience-c83035b958d2
143,Interview Experience: Senior Frontend Engineer at Quizizz,"I recently interviewed for a Senior Frontend Engineer role at Quizizz. The overall process was smooth, with four rounds covering JavaScript…",Frontend Developer,https://medium.com/@chauhan27.abhay,,,,https://miro.medium.com/v2/resize:fill:320:214/0*xZ_Ee34E6tgpWpop.png,https://medium.com/javascript-in-plain-english/interview-experience-senior-frontend-engineer-at-quizizz-d6e1f54bda22
144,5 mistakes to avoid in frontEnd developer interview | 200+ interview experience summarised,"After giving/taking more than 200 interviews related to frontEnd development in the past, I’m summarising the most common mistakes that…",Vasanth Bhat,https://medium.com/@careerwithvasanth,,,,https://miro.medium.com/v2/resize:fill:320:214/1*NPnYlycGEAQPXl68Dzg7Rg.png,https://medium.com/geekculture/5-mistakes-to-avoid-in-frontend-developer-interview-200-interview-experience-summarised-7e79bc87b062
145,My first e-book on interview experiences in Frontend,Isn’t it frustrating to get rejected in Interviews?😟,gk,https://medium.com/@gk.dobariya,,,,https://miro.medium.com/v2/resize:fill:320:214/1*mpZYF1aWy7J7QhY0_dzX3A.jpeg,https://medium.com/@gk.dobariya/my-first-e-book-on-interview-experiences-9c5ed6407717
146,Chewy Senior Front-End Engineer Phone Interview Experience,In Nov 2024. I had an opportunity to get interviewed for the Senior Front-End Engineer role at Chewy.  The Interview went great and I…,WebDevSumoz,https://medium.com/@ghewadesumit,,,,https://miro.medium.com/v2/da:true/resize:fill:320:214/0*_McxhOxBifg0jgmo,https://medium.com/stackademic/chewy-senior-front-end-engineer-phone-interview-experience-5692e479eb49
147,Amazon Phone Interview Experience for Front-End Engineer,I applied for a Front-End Engineer position (4–5 years of experience). The Interview was divided into two parts Behavioral questions…,WebDevSumoz,https://medium.com/@ghewadesumit,,,,https://miro.medium.com/v2/da:true/resize:fill:320:214/0*QZ0FPnIc5c0jBwtl,https://medium.com/@ghewadesumit/amazon-phone-interview-experience-for-front-end-engineer-ba2d429a3ea2
148,Google Phone Interview Experience for Front-End Engineer,I applied for a Front-End Engineer position with approximately 4–5 years of experience.,Techmade,https://medium.com/@techmade,,,,https://miro.medium.com/v2/da:true/resize:fill:320:214/0*vUV0-Cv2wH-1HkGN,https://medium.com/@techmade/google-phone-interview-experience-for-front-end-engineer-031c97de627f
149,My Apple Interview Experience for a Frontend Role — Hyderabad,"Hello Everyone! 👋 For those who are new here, my name is Harsh, and I have 9.5+ years of experience working in the IT world. I started…",Harsh Shah,https://medium.com/@harshcrop,,,,https://miro.medium.com/v2/resize:fill:320:214/1*WtQBpxOyvlOZmyEogiuk2A.png,https://medium.com/@harshcrop/my-apple-interview-experience-for-a-frontend-role-hyderabad-2e01737ca54c
150,A Complete Tech Guide For Frontend Job Interview #1,"I believe every web developers who already have some working experience, know how it feels when you’re trying to find a new job.",Ian-Lai,https://medium.com/@ian24257587,,,,,https://medium.com/@ian24257587/a-complete-tech-guide-for-frontend-job-interview-1-a6c5ed8b82a3
151,What I’ve learned from 100 frontend developer interviews.,"Interviewing is pretty terrible. It’s an arduous, stressful, blood pressure raising experience that unfortunately is essential to finding a…",masonmedia,https://medium.com/@andrewmasonmedia,,,,https://miro.medium.com/v2/resize:fill:320:214/1*fc4viViB5FZa4qTzBpomNA.png,https://medium.com/@andrewmasonmedia/what-ive-learned-from-100-frontend-developer-interviews-aaac738bb9b2
152,Cracking the (Frontend) Coding Interview,For the past couple of months I have been interviewing for frontend engineering roles in the Bay Area. As anyone who has experienced this…,Alex Pattison,https://medium.com/@alexpattison,,,,https://miro.medium.com/v2/da:true/resize:fill:320:214/0*PiAf648MgFV-SHC7,https://medium.com/@alexpattison/cracking-the-frontend-coding-interview-ec7d5b1e6755
153,How to prepare for a Front End System Design Interview,This little compilation of my experience in System Design Interviews is intended to be a helpful resource for fellow developers. =),Stanislav Saprankov,https://medium.com/@stanislav-saprankov,,,,https://miro.medium.com/v2/resize:fill:320:214/1*wEL_UXM9Xs8Ct2EohK0kgQ.png,https://medium.com/@stanislav-saprankov/how-to-prepare-for-a-front-end-system-design-interview-f0398dfaf814
154,JavaScript Concepts for Interview,This is from my experience of giving numerous interviews in some reputed companies. I had struggled finding the appropriate links and all…,Himani,https://medium.com/@himanis98.hs,,,,,https://medium.com/@himanis98.hs/javascript-concepts-for-interview-6bd65ee53d52
155,Top 10 Angular Interview Questions,My Personal Experience and Insights on Angular Interview Questions,Ankita Kolhe,https://medium.com/@kolheankita15,,,,,https://medium.com/must-read-articles-in-a-minute/top-10-angular-interview-questions-db02d812b6be
156,[DAY 9] Understanding Objects in JavaScript — A Beginner’s Guide,"In the previous article, we explored arrays in JavaScript, covering tricky interview questions that might leave even experienced…",shakambhar pujari,https://medium.com/@shakambharPujari,,,,https://miro.medium.com/v2/resize:fill:320:214/0*qsLcWxtQdM8piLlv.png,https://medium.com/@shakambharPujari/day-9-understanding-objects-in-javascript-a-beginners-guide-1021d2c41cd6
157,I’m a Frontend Dev. Stop Forcing Me to Be a Full-Stack.,"This post is very different from my usual technical content — it’s raw and frustrated, based on my personal job-hunting experience. If…",Ayush Maurya,https://medium.com/@ayushmaurya461,,,,https://miro.medium.com/v2/resize:fill:320:214/1*TTxnBeZs5wxmkZvP0MJHSw.png,https://medium.com/javascript-in-plain-english/im-a-frontend-dev-stop-forcing-me-to-be-a-full-stack-e9de55221674
158,Frontend Interview Questions For 5 Years Of Experience,"To be a successful frontend developer, you need a combination of technical skills, problem-solving abilities, and a good understanding of…",Pravin M,https://medium.com/@frontendinterviewquestions,,,,https://miro.medium.com/v2/resize:fill:320:214/1*51QvGDKVtSC0ldYaXoEtlQ.png,https://medium.com/@frontendinterviewquestions/frontend-interview-questions-for-5-years-of-experience-8147fff2044d
159,Interview Experience with Snapchat for Frontend Engineer[Best pay in London],"Hi ,fellow Frontend developers and Frontend Engineers.",Rahul Rana,https://medium.com/@rahulrana95,,,,https://miro.medium.com/v2/resize:fill:320:214/1*IbaiIvsewA8SgUiXGRVQkQ.png,https://medium.com/@rahulrana95/interview-experience-with-snapchat-for-frontend-engineer-best-pay-in-london-1d16a063d2ec
160,17 common questions for Front End Developer Cfor Freshers and Experience,Commonly Asked Frontend Developer Interview Questions for Freshers and Experienced,Smriti Pathak,https://medium.com/@LifePixels,,,,https://miro.medium.com/v2/da:true/resize:fill:320:214/0*iiM9sVQz2g-PVWBR,https://medium.com/@LifePixels/17-common-questions-for-front-end-developer-cfor-freshers-and-experience-f26053a005a1
161,SDE — BookMyShow Interview Experience,"Hey there, fellow tech enthusiasts! I’m excited to share my recent interview experience for the SDE — Frontend Engineer position at…",Kumar,https://medium.com/@techrecruiter,,,,https://miro.medium.com/v2/resize:fill:320:214/1*Fa9nNmlt68J5-kVD7O0kAw.png,https://medium.com/@techrecruiter/sde-bookmyshow-interview-experience-d655b29de0df
162,My Interview Experience for Zepto SDE-2 Frontend Role,"Recently, I had the opportunity to interview for the SDE-2 Frontend role at Zepto. The process was engaging, challenging, and provided…",Frontend Developer,https://medium.com/@chauhan27.abhay,,,,https://miro.medium.com/v2/resize:fill:320:214/0*HAljl0vybySZzUKs.png,https://medium.com/javascript-in-plain-english/my-interview-experience-for-zepto-sde-2-frontend-role-6a9502f078b4
163,My Interview Experience for an SDE-2 Frontend Position at Zepto and Advanced JavaScript Coding…,"Recently, I had the opportunity to interview for an SDE-2 Frontend position at Zepto. The interview process was a thrilling challenge…",JavaScript With Vinay,https://medium.com/@javaScriptwithvinay,,,,https://miro.medium.com/v2/resize:fill:320:214/1*NSicG0Cp2F5rGmF4EWKAmQ.jpeg,https://medium.com/stackademic/my-interview-experience-for-an-sde-2-frontend-position-at-zepto-and-advanced-javascript-coding-cd6792e74516
164,My Interview Experience for an SDE-2 Frontend Position at Zepto,"Recently, I had the opportunity to interview for an SDE-2 Frontend position at Zepto. The interview process was challenging and exciting…",JavaScript With Vinay,https://medium.com/@javaScriptwithvinay,,,,https://miro.medium.com/v2/resize:fill:320:214/1*CHZ5FRl3VO1Xh0p_egR3Bw.png,https://medium.com/stackademic/my-interview-experience-for-an-sde-2-frontend-position-at-zepto-104bf8b61ae1
165,How to prepare for Front End Developer interviews — Do I need commercial experience?,What to do if I don’t have commercial experience? 😱,Alex Cerruti,https://medium.com/@alexcerutti,,,,https://miro.medium.com/v2/resize:fill:320:214/1*iFO2tlouDZR3SkYdqsGmTA.jpeg,https://medium.com/learn-frontend/how-to-prepare-for-front-end-developer-interviews-do-i-need-commercial-experience-2a51c4d4287b
166,My Uber Interview Experience for the SDE-2 Front-End Developer Role,Introduction,JavaScript With Vinay,https://medium.com/@javaScriptwithvinay,,,,https://miro.medium.com/v2/resize:fill:320:214/1*NSicG0Cp2F5rGmF4EWKAmQ.jpeg,https://medium.com/dev-simplified/my-uber-interview-experience-for-the-sde-2-front-end-developer-role-a8cfc99e691d
167,The Only Frontend Interview Prep Guide You Will Ever Need (For Any Experience Level),"If you’ve ever opened LinkedIn and seen phrases like “We’re looking for a rockstar frontend engineer”, you already know the truth…",ujjwal kumar,https://medium.com/@ujjwal3009,,,,,https://medium.com/@ujjwal3009/the-only-frontend-interview-prep-guide-you-will-ever-need-for-any-experience-level-b37d2d783258
168,🔥IBM Frontend Engineer Interview Breakdown (15 LPA) — React + JavaScript Questions Explained,Complete Interview Experience + Rounds Breakdown (React + JavaScript + System Design for UI),Richa Gautam 🌷,https://medium.com/@errichagautam1111,,,,https://miro.medium.com/v2/resize:fill:320:214/1*22MZ98FBUcyeP9KAOI5FWg.png,https://medium.com/javascript-in-plain-english/ibm-frontend-engineer-interview-breakdown-15-lpa-react-javascript-questions-explained-c31bd6cedff5
169,How My Friend Cracked a 25+ LPA Frontend Engineer Role at Persistent Systems,"A Real Interview Experience (4+ YOE) — Questions, Process & Preparation Strategy",Richa Gautam 🌷,https://medium.com/@errichagautam1111,,,,https://miro.medium.com/v2/resize:fill:320:214/1*ABp_xwg-3lrLYwpRim8q-g.png,https://medium.com/javascript-in-plain-english/how-my-friend-cracked-a-25-lpa-frontend-engineer-role-at-persistent-systems-c3b56e8d8927
170,My System Design Interview Experience,"Role: Senior Frontend Software Engineer Round: System Design 📅 Interview Date: November 3, 2025 🎯 Sharing for those preparing — hope…",Shanmugaperumal,https://medium.com/@shanmugaperumal96,,,,https://miro.medium.com/v2/resize:fill:320:214/1*EJEpZyyb4TvcaWTqaukMnQ.jpeg,https://medium.com/@shanmugaperumal96/my-system-design-interview-experience-70cf3548507c
171,"My Atlassian Interview Experience: A Journey of Learning, Clarity, and Culture","Before joining Uber, I had the incredible opportunity to interview with Atlassian, a company I’ve long admired for its engineering…",Santosh Yadav,https://medium.com/@santoshyadav979439,,,,https://miro.medium.com/v2/resize:fill:320:214/1*Kyahr9ob0m7ZEpwD8fiIew.png,https://medium.com/javascript-in-plain-english/my-atlassian-interview-experience-a-journey-of-learning-clarity-and-culture-1c6f9b8e270b
172,My ServiceNow Software Engineer_UI Interview Experience: 2025,Hello everyone!,Karuna Kumari,https://medium.com/@karunakumari000532,,,,https://miro.medium.com/v2/resize:fill:320:214/0*gs997aCzgL-kpR1_.png,https://medium.com/@karunakumari000532/my-servicenow-software-engineer-ui-interview-experience-2025-23f315b960dc
173,My Paytm Senior Software Engineer Interview Experience: 2025,Hello everyone!,Karuna Kumari,https://medium.com/@karunakumari000532,,,,https://miro.medium.com/v2/resize:fill:320:214/0*MxcLKk95v-9TpVa_.png,https://medium.com/@karunakumari000532/my-paytm-senior-software-engineer-interview-experience-2025-7f317dba2286
174,My Credit Karma Interview Experience: A Deep Dive into the Technical Round,#CreditKarma #Intuit #FrontendDeveloper #InterviewPreparation #JavaScript #WebDevelopment #CareerGrowth #TechInterviews #Typescript,Vignesh K B,https://medium.com/@vigneshwiki07,,,,https://miro.medium.com/v2/resize:fill:320:214/1*zB6iQS0qKXPlkDDxXzYykQ.png,https://medium.com/@vigneshwiki07/my-credit-karma-interview-experience-a-deep-dive-into-the-technical-round-617702cda8cb
175,🚀 React Interview Experience (July 2025): Coditas Technologiew,"🗓️ Date: July 2025 👨‍💻 Position: React Developer , Frontend Developer 🎯 Purpose: Sharing my experience to help fellow developers…",Richa Gautam 🌷,https://medium.com/@errichagautam1111,,,,https://miro.medium.com/v2/resize:fill:320:214/1*RT4_mPxmJB8dtcT6c9URSg.png,https://medium.com/javascript-in-plain-english/react-interview-experience-july-2025-coditas-technologiew-d2cf5472f471
176,🚀 React Interview Experience (August 2025): CapGemini(Part-1),"🗓️ Date: August 2025 👨‍💻 Position: React Developer , Frontend Developer 🎯 Purpose: Sharing my experience to help fellow developers…",Richa Gautam 🌷,https://medium.com/@errichagautam1111,,,,https://miro.medium.com/v2/resize:fill:320:214/1*6I145GzHxJaD-ipumo1HEg.png,https://medium.com/javascript-in-plain-english/react-interview-experience-august-2025-capgemini-part-1-6b8b0abef9c6
177,🚀 React Interview Experience (August 2025): Bajaj Finserv,"🗓️ Date: August 2025 👨‍💻 Position: React Developer , Frontend Developer 🎯 Purpose: Sharing my experience to help fellow developers…",Richa Gautam 🌷,https://medium.com/@errichagautam1111,,,,https://miro.medium.com/v2/resize:fill:320:214/1*YAgdrLhlCfxE5Fo7r6D-Rw.png,https://medium.com/javascript-in-plain-english/react-interview-experience-august-2025-bajaj-finserv-5d81b9155657
178,"🧠 Amazon Interview Experience — Binary Trees, Backtracking, and Greedy Algorithms",✅ Round 1: Online Coding Assessment,Sonika | @Walmart | Frontend Developer | 11 Years,https://medium.com/@sonikamaheshwari005,,,,https://miro.medium.com/v2/resize:fill:320:214/1*U2c8422qDJdqI_25d21dTw.png,https://medium.com/@sonikamaheshwari005/amazon-interview-experience-binary-trees-backtracking-and-greedy-algorithms-cc077a52f9f9
179,Interview Experience with EY as a React.js Frontend Engineer,"Interviewing for a Frontend Engineer role at Ernst & Young (EY) was an insightful experience. As a React.js developer, I went through…",Frontend Developer,https://medium.com/@chauhan27.abhay,,,,https://miro.medium.com/v2/da:true/resize:fill:320:214/0*rVcRKsTb6Ns0nlPf,https://medium.com/javascript-in-plain-english/my-interview-experience-with-ey-as-a-react-js-frontend-engineer-98a0fa9489d4
180,Rippling | SDE1 Online Assessment — Frontend,"Rippling conducted an SDE1 Frontend Online Assessment on HackerRank, lasting 120 minutes. The assessment comprised a total of 8 questions…",Frontend Developer,https://medium.com/@chauhan27.abhay,,,,https://miro.medium.com/v2/resize:fill:320:214/0*kfBMf7K44gLU4D47.jpeg,https://medium.com/@chauhan27.abhay/rippling-sde1-online-assessment-frontend-c9f7ddf5b75a
181,My Zscaler Frontend Interview Journey — From Rejection to Progress,Hey everyone!,Phalgun Mittal,https://medium.com/@phalgun99,,,,https://miro.medium.com/v2/resize:fill:320:214/0*Gcq9KgUsnw-ruPiN.jpg,https://medium.com/@phalgun99/my-zscaler-frontend-interview-journey-from-rejection-to-progress-df8bd862aaf3
182,My Journey to UI Developer 1 at Flipkart: Interview Experience & Preparation Guide,"In March 2022, I landed an offer for the UI Developer 1 position at Flipkart. This article is a detailed breakdown of my interview…",Frontend Developer,https://medium.com/@chauhan27.abhay,,,,https://miro.medium.com/v2/resize:fill:320:214/0*G1xq1vSaRog6-Zxs.png,https://medium.com/@chauhan27.abhay/my-journey-to-ui-developer-1-at-flipkart-interview-experience-preparation-guide-0f9ed04ced4b
183,Acko: SDE-2 Interview Experience,"I recently interviewed for an SDE-2 Full Stack role (focused on frontend) at Acko.Here’s an overview of my experience, which included four…",Satish Shriwas,https://medium.com/@satish789748,,,,https://miro.medium.com/v2/resize:fill:320:214/1*j7XyF-BIAmwSWa0qQ233JA.jpeg,https://medium.com/frontend-interviews/sde-2-interview-experience-at-a-afa9d022af9e
184,My Interview Experience at Walmart Global Tech for the Software Engineer 3-UI position,Hey everyone! I recently had the exciting opportunity to interview with Walmart Global Tech for a Software Development Engineer 3 — UI…,Phalgun Mittal,https://medium.com/@phalgun99,,,,https://miro.medium.com/v2/resize:fill:320:214/1*q3VPaYYNRHJ1VG7ihYBEmQ.png,https://medium.com/@phalgun99/my-interview-experience-at-walmart-global-tech-for-the-software-engineer-3-ui-position-9751c81988ee
185,SDE Interview Experience at Meesho,"Navigating through the Meesho interview process was a well-rounded experience covering JavaScript fundamentals, React knowledge, and deep…",Satish Shriwas,https://medium.com/@satish789748,,,,https://miro.medium.com/v2/resize:fill:320:214/1*gcYdpAbBXDfB0nYFq5qGWA.png,https://medium.com/frontend-interviews/sde-interview-experience-at-meesho-5725f9ddc236
186,Approach to Frontend Interview Preparation (SDE-1/SDE-2),"Preparing for frontend engineering interviews requires a strategic and comprehensive approach, tailored to your experience level — whether…",Adarsh Gautam,https://medium.com/@gadarsh555,,,,https://miro.medium.com/v2/resize:fill:320:214/1*X4JVNxCVRvatdmWi6FJecQ.png,https://medium.com/@gadarsh555/approach-to-frontend-interview-preparation-sde-1-sde-2-ec2da46a7c93
187,Dream11 SDE Interview Experience,"Recently, I connected with an HR representative on LinkedIn for a Software Development Engineer 2 (SDE-2) position at Dream11, based in…",Satish Shriwas,https://medium.com/@satish789748,,,,https://miro.medium.com/v2/resize:fill:320:214/1*jFz-S6kjKfwvTNJf-NVZmw.jpeg,https://medium.com/frontend-interviews/dream11-sde-interview-experience-10fb89c56b71
188,🚀 React Interview Experience (August 2025): Airtel (Part- 1),"🗓️ Date: August 2025 👨‍💻 Position: React Developer , Frontend Developer 🎯 Purpose: Sharing my experience to help fellow developers…",Richa Gautam 🌷,https://medium.com/@errichagautam1111,,,,https://miro.medium.com/v2/resize:fill:320:214/1*m7WD_ohciVG5tAaHa_KY-Q.png,https://medium.com/javascript-in-plain-english/react-interview-experience-august-2025-airtel-part-1-ff86054f6453
189,🚀 React Interview Experience (August 2025): Fulcrum (Part -1),"🗓️ Date: August 2025 👨‍💻 Position: React Developer , Frontend Developer 🎯 Purpose: Sharing my experience to help fellow developers…",Richa Gautam 🌷,https://medium.com/@errichagautam1111,,,,https://miro.medium.com/v2/resize:fill:320:214/1*6f12W2-mxkWos69sd_OqbA.png,https://medium.com/javascript-in-plain-english/react-interview-experience-august-2025-fulcrum-part-1-f77e910cf9b9
190,🚀 React Interview Experience (July 2025): Talentify,"🗓️ Date: July 2025 👨‍💻 Position: React Developer , Frontend Developer 🎯 Purpose: Sharing my experience to help fellow developers…",Richa Gautam 🌷,https://medium.com/@errichagautam1111,,,,https://miro.medium.com/v2/resize:fill:320:214/1*v5Hjh9HCX4GGcuaFTMQCYA.png,https://medium.com/javascript-in-plain-english/react-interview-experience-july-2025-talentify-cd9204c56a63
191,🚀 React Interview Experience (August 2025): Hiking IT(Part -4),"🗓️ Date: August 2025 👨‍💻 Position: React Developer , Frontend Developer 🎯 Purpose: Sharing my experience to help fellow developers…",Richa Gautam 🌷,https://medium.com/@errichagautam1111,,,,https://miro.medium.com/v2/resize:fill:320:214/1*K6vgqQ2IoMog8Jc370qZNA.png,https://medium.com/codetodeploy/react-interview-experience-august-2025-hiking-it-part-4-3520d3e935ec
192,🚀 React Interview Experience(August 2025): SimForm,"🗓️ Date: August 2025 👨‍💻 Position: React Developer , Frontend Developer 🎯 Purpose: Sharing my experience to help fellow developers…",Richa Gautam 🌷,https://medium.com/@errichagautam1111,,,,https://miro.medium.com/v2/resize:fill:320:214/1*ibEnTan-roREDntJpnglHA.png,https://medium.com/codetodeploy/react-interview-experience-august-2025-simform-2fc11ad3408c
193,🚀 React Interview Experience (August 2025): Saksoft Ltd. (Part-5),"🗓️ Date: August 2025 👨‍💻 Position: React Developer , Frontend Developer 🎯 Purpose: Sharing my experience to help fellow developers…",Richa Gautam 🌷,https://medium.com/@errichagautam1111,,,,https://miro.medium.com/v2/resize:fill:320:214/1*7-Wwxzz2iATa1o2HJMKJOA.png,https://medium.com/javascript-in-plain-english/react-interview-experience-august-2025-saksoft-ltd-part-5-2df9129af1ec
194,🚀 React Interview Experience (August 2025): Saksoft Ltd. (Part -2),"🗓️ Date: August 2025 👨‍💻 Position: React Developer , Frontend Developer 🎯 Purpose: Sharing my experience to help fellow developers…",Richa Gautam 🌷,https://medium.com/@errichagautam1111,,,,https://miro.medium.com/v2/resize:fill:320:214/1*0-2AAiYgjA3c-9kq2rVAxw.png,https://medium.com/javascript-in-plain-english/react-interview-experience-august-2025-saksoft-ltd-part-2-178042219b59
195,🚀 React Interview Experience (August 2025): GenPact (Part-1),"🗓️ Date: August 2025 👨‍💻 Position: React Developer , Frontend Developer 🎯 Purpose: Sharing my experience to help fellow developers…",Richa Gautam 🌷,https://medium.com/@errichagautam1111,,,,https://miro.medium.com/v2/resize:fill:320:214/1*dCxlML1vUSNM8yKGrWM1Cw.png,https://medium.com/javascript-in-plain-english/react-interview-experience-august-2025-genpact-part-1-0713ab27e669
196,🚀 React Interview Experience (August 2025): HCL(Part -1),"🗓️ Date: August 2025 👨‍💻 Position: React Developer , Frontend Developer 🎯 Purpose: Sharing my experience to help fellow developers…",Richa Gautam 🌷,https://medium.com/@errichagautam1111,,,,https://miro.medium.com/v2/resize:fill:320:214/1*XOhUNEwuEyt6UzXF5OHegg.png,https://medium.com/javascript-in-plain-english/react-interview-experience-august-2025-hcl-part-1-054a7461b44a
197,🚀 React Interview Experience (August 2025): Accenture (Part -2),"🗓️ Date: August 2025 👨‍💻 Position: React Developer , Frontend Developer 🎯 Purpose: Sharing my experience to help fellow developers…",Richa Gautam 🌷,https://medium.com/@errichagautam1111,,,,https://miro.medium.com/v2/resize:fill:320:214/1*xq34TJb2zEK3p-JzhOu-Cg.png,https://medium.com/codetodeploy/react-interview-experience-august-2025-accenture-part-2-0252d9b12f6e
